{
  "checkpoint": "checkpoints/lenet5_mnist_best.pt",
  "test_loss": 0.037384884764999154,
  "test_accuracy": 0.9883,
  "classification_report": {
    "0": {
      "precision": 0.9918116683725691,
      "recall": 0.9887755102040816,
      "f1-score": 0.9902912621359223,
      "support": 980.0
    },
    "1": {
      "precision": 0.9947322212467077,
      "recall": 0.9982378854625551,
      "f1-score": 0.9964819700967458,
      "support": 1135.0
    },
    "2": {
      "precision": 0.9894128970163619,
      "recall": 0.9961240310077519,
      "f1-score": 0.9927571221632062,
      "support": 1032.0
    },
    "3": {
      "precision": 0.9919839679358717,
      "recall": 0.9801980198019802,
      "f1-score": 0.9860557768924303,
      "support": 1010.0
    },
    "4": {
      "precision": 0.9798590130916415,
      "recall": 0.9908350305498982,
      "f1-score": 0.9853164556962025,
      "support": 982.0
    },
    "5": {
      "precision": 0.9832589285714286,
      "recall": 0.9876681614349776,
      "f1-score": 0.9854586129753915,
      "support": 892.0
    },
    "6": {
      "precision": 0.9854620976116303,
      "recall": 0.9906054279749478,
      "f1-score": 0.9880270692347736,
      "support": 958.0
    },
    "7": {
      "precision": 0.9845261121856866,
      "recall": 0.9902723735408561,
      "f1-score": 0.9873908826382153,
      "support": 1028.0
    },
    "8": {
      "precision": 0.9948078920041536,
      "recall": 0.9835728952772074,
      "f1-score": 0.9891584925141972,
      "support": 974.0
    },
    "9": {
      "precision": 0.9859719438877755,
      "recall": 0.9752229930624381,
      "f1-score": 0.9805680119581465,
      "support": 1009.0
    },
    "accuracy": 0.9883,
    "macro avg": {
      "precision": 0.9881826741923827,
      "recall": 0.9881512328316694,
      "f1-score": 0.9881505656305232,
      "support": 10000.0
    },
    "weighted avg": {
      "precision": 0.9883217049631591,
      "recall": 0.9883,
      "f1-score": 0.9882945255408109,
      "support": 10000.0
    }
  },
  "confusion_matrix": [
    [
      969,
      0,
      0,
      0,
      0,
      2,
      4,
      1,
      4,
      0
    ],
    [
      0,
      1133,
      1,
      0,
      0,
      0,
      1,
      0,
      0,
      0
    ],
    [
      0,
      0,
      1028,
      1,
      1,
      0,
      0,
      1,
      0,
      1
    ],
    [
      0,
      0,
      2,
      990,
      0,
      9,
      0,
      5,
      1,
      3
    ],
    [
      0,
      0,
      0,
      0,
      973,
      0,
      5,
      1,
      0,
      3
    ],
    [
      2,
      0,
      0,
      4,
      1,
      881,
      2,
      1,
      0,
      1
    ],
    [
      3,
      2,
      0,
      0,
      2,
      2,
      949,
      0,
      0,
      0
    ],
    [
      0,
      2,
      5,
      1,
      0,
      0,
      0,
      1018,
      0,
      2
    ],
    [
      2,
      0,
      2,
      2,
      2,
      0,
      1,
      3,
      958,
      4
    ],
    [
      1,
      2,
      1,
      0,
      14,
      2,
      1,
      4,
      0,
      984
    ]
  ]
}