{
  "checkpoint": "checkpoints/lenet5_mnist_best.pt",
  "test_loss": 0.6722062522053719,
  "test_accuracy": 0.9893,
  "classification_report": {
    "0": {
      "precision": 0.9958974358974358,
      "recall": 0.9908163265306122,
      "f1-score": 0.9933503836317136,
      "support": 980.0
    },
    "1": {
      "precision": 0.9955985915492958,
      "recall": 0.9964757709251101,
      "f1-score": 0.9960369881109643,
      "support": 1135.0
    },
    "2": {
      "precision": 0.9903194578896418,
      "recall": 0.9912790697674418,
      "f1-score": 0.9907990314769975,
      "support": 1032.0
    },
    "3": {
      "precision": 0.9785365853658536,
      "recall": 0.9930693069306931,
      "f1-score": 0.9857493857493858,
      "support": 1010.0
    },
    "4": {
      "precision": 0.9918450560652395,
      "recall": 0.9908350305498982,
      "f1-score": 0.9913397860417728,
      "support": 982.0
    },
    "5": {
      "precision": 0.9887387387387387,
      "recall": 0.984304932735426,
      "f1-score": 0.9865168539325843,
      "support": 892.0
    },
    "6": {
      "precision": 0.9916230366492147,
      "recall": 0.988517745302714,
      "f1-score": 0.9900679560899112,
      "support": 958.0
    },
    "7": {
      "precision": 0.9835907335907336,
      "recall": 0.9912451361867705,
      "f1-score": 0.9874031007751938,
      "support": 1028.0
    },
    "8": {
      "precision": 0.9825641025641025,
      "recall": 0.9835728952772074,
      "f1-score": 0.9830682401231401,
      "support": 974.0
    },
    "9": {
      "precision": 0.9939759036144579,
      "recall": 0.981169474727453,
      "f1-score": 0.9875311720698254,
      "support": 1009.0
    },
    "accuracy": 0.9893,
    "macro avg": {
      "precision": 0.9892689641924715,
      "recall": 0.9891285688933327,
      "f1-score": 0.989186289800149,
      "support": 10000.0
    },
    "weighted avg": {
      "precision": 0.9893307586246225,
      "recall": 0.9893,
      "f1-score": 0.9893028449186477,
      "support": 10000.0
    }
  },
  "confusion_matrix": [
    [
      971,
      0,
      0,
      0,
      0,
      1,
      2,
      1,
      5,
      0
    ],
    [
      0,
      1131,
      1,
      1,
      0,
      0,
      1,
      1,
      0,
      0
    ],
    [
      0,
      0,
      1023,
      2,
      0,
      0,
      0,
      4,
      3,
      0
    ],
    [
      0,
      0,
      0,
      1003,
      0,
      2,
      0,
      3,
      2,
      0
    ],
    [
      0,
      0,
      2,
      0,
      973,
      0,
      3,
      1,
      0,
      3
    ],
    [
      2,
      0,
      0,
      8,
      0,
      878,
      2,
      1,
      1,
      0
    ],
    [
      2,
      2,
      0,
      1,
      1,
      2,
      947,
      0,
      3,
      0
    ],
    [
      0,
      1,
      4,
      2,
      0,
      0,
      0,
      1019,
      1,
      1
    ],
    [
      0,
      0,
      2,
      4,
      2,
      4,
      0,
      2,
      958,
      2
    ],
    [
      0,
      2,
      1,
      4,
      5,
      1,
      0,
      4,
      2,
      990
    ]
  ]
}