{
  "checkpoint": "checkpoints/lenet5_mnist_best.pt",
  "test_loss": 0.7290391695857048,
  "test_accuracy": 0.9887,
  "classification_report": {
    "0": {
      "precision": 0.9897959183673469,
      "recall": 0.9897959183673469,
      "f1-score": 0.9897959183673469,
      "support": 980.0
    },
    "1": {
      "precision": 0.9929947460595446,
      "recall": 0.9991189427312775,
      "f1-score": 0.9960474308300395,
      "support": 1135.0
    },
    "2": {
      "precision": 0.9846449136276392,
      "recall": 0.9941860465116279,
      "f1-score": 0.9893924783027965,
      "support": 1032.0
    },
    "3": {
      "precision": 0.9822660098522168,
      "recall": 0.9871287128712871,
      "f1-score": 0.9846913580246913,
      "support": 1010.0
    },
    "4": {
      "precision": 0.9908443540183113,
      "recall": 0.9918533604887984,
      "f1-score": 0.9913486005089058,
      "support": 982.0
    },
    "5": {
      "precision": 0.9866071428571429,
      "recall": 0.9910313901345291,
      "f1-score": 0.9888143176733781,
      "support": 892.0
    },
    "6": {
      "precision": 0.9905857740585774,
      "recall": 0.988517745302714,
      "f1-score": 0.9895506792058516,
      "support": 958.0
    },
    "7": {
      "precision": 0.9921568627450981,
      "recall": 0.9844357976653697,
      "f1-score": 0.98828125,
      "support": 1028.0
    },
    "8": {
      "precision": 0.9886363636363636,
      "recall": 0.9825462012320328,
      "f1-score": 0.9855818743563337,
      "support": 974.0
    },
    "9": {
      "precision": 0.9879759519038076,
      "recall": 0.977205153617443,
      "f1-score": 0.9825610363726955,
      "support": 1009.0
    },
    "accuracy": 0.9887,
    "macro avg": {
      "precision": 0.9886508037126049,
      "recall": 0.9885819268922427,
      "f1-score": 0.9886064943642039,
      "support": 10000.0
    },
    "weighted avg": {
      "precision": 0.9887071964769437,
      "recall": 0.9887,
      "f1-score": 0.9886935347272241,
      "support": 10000.0
    }
  },
  "confusion_matrix": [
    [
      970,
      0,
      1,
      0,
      0,
      1,
      2,
      1,
      3,
      2
    ],
    [
      0,
      1134,
      0,
      0,
      0,
      0,
      1,
      0,
      0,
      0
    ],
    [
      2,
      1,
      1026,
      1,
      0,
      0,
      0,
      1,
      1,
      0
    ],
    [
      0,
      0,
      2,
      997,
      0,
      4,
      0,
      2,
      2,
      3
    ],
    [
      0,
      0,
      2,
      0,
      974,
      0,
      2,
      0,
      0,
      4
    ],
    [
      0,
      0,
      0,
      4,
      0,
      884,
      2,
      1,
      1,
      0
    ],
    [
      4,
      1,
      1,
      1,
      0,
      2,
      947,
      0,
      2,
      0
    ],
    [
      0,
      4,
      6,
      3,
      0,
      0,
      0,
      1012,
      2,
      1
    ],
    [
      1,
      0,
      3,
      4,
      2,
      2,
      2,
      1,
      957,
      2
    ],
    [
      3,
      2,
      1,
      5,
      7,
      3,
      0,
      2,
      0,
      986
    ]
  ]
}