{
  "checkpoint": "checkpoints/lenet5_faithful_mnist_best.pt",
  "test_loss": 0.03908047928512096,
  "test_accuracy": 0.9873,
  "classification_report": {
    "0": {
      "precision": 0.9938524590163934,
      "recall": 0.9897959183673469,
      "f1-score": 0.9918200408997955,
      "support": 980.0
    },
    "1": {
      "precision": 0.9929762949956101,
      "recall": 0.9964757709251101,
      "f1-score": 0.9947229551451188,
      "support": 1135.0
    },
    "2": {
      "precision": 0.9835430784123911,
      "recall": 0.9844961240310077,
      "f1-score": 0.9840193704600484,
      "support": 1032.0
    },
    "3": {
      "precision": 0.9814453125,
      "recall": 0.995049504950495,
      "f1-score": 0.9882005899705014,
      "support": 1010.0
    },
    "4": {
      "precision": 0.9947916666666666,
      "recall": 0.9725050916496945,
      "f1-score": 0.9835221421215242,
      "support": 982.0
    },
    "5": {
      "precision": 0.9854586129753915,
      "recall": 0.9876681614349776,
      "f1-score": 0.986562150055991,
      "support": 892.0
    },
    "6": {
      "precision": 0.9905956112852664,
      "recall": 0.9895615866388309,
      "f1-score": 0.9900783289817232,
      "support": 958.0
    },
    "7": {
      "precision": 0.9883040935672515,
      "recall": 0.9863813229571985,
      "f1-score": 0.9873417721518988,
      "support": 1028.0
    },
    "8": {
      "precision": 0.9856262833675564,
      "recall": 0.9856262833675564,
      "f1-score": 0.9856262833675564,
      "support": 974.0
    },
    "9": {
      "precision": 0.976401179941003,
      "recall": 0.9841427155599604,
      "f1-score": 0.9802566633761106,
      "support": 1009.0
    },
    "accuracy": 0.9873,
    "macro avg": {
      "precision": 0.9872994592727531,
      "recall": 0.9871702479882177,
      "f1-score": 0.9872150296530269,
      "support": 10000.0
    },
    "weighted avg": {
      "precision": 0.9873350221002279,
      "recall": 0.9873,
      "f1-score": 0.9872978316052904,
      "support": 10000.0
    }
  },
  "confusion_matrix": [
    [
      970,
      0,
      2,
      0,
      1,
      0,
      2,
      2,
      2,
      1
    ],
    [
      0,
      1131,
      0,
      1,
      0,
      1,
      2,
      0,
      0,
      0
    ],
    [
      1,
      4,
      1016,
      4,
      1,
      0,
      1,
      4,
      1,
      0
    ],
    [
      0,
      0,
      2,
      1005,
      0,
      2,
      0,
      0,
      1,
      0
    ],
    [
      0,
      0,
      3,
      0,
      955,
      0,
      3,
      2,
      2,
      17
    ],
    [
      1,
      0,
      0,
      7,
      0,
      881,
      1,
      1,
      1,
      0
    ],
    [
      2,
      2,
      1,
      0,
      0,
      4,
      948,
      0,
      1,
      0
    ],
    [
      0,
      2,
      6,
      2,
      0,
      0,
      0,
      1014,
      1,
      3
    ],
    [
      1,
      0,
      2,
      3,
      1,
      3,
      0,
      1,
      960,
      3
    ],
    [
      1,
      0,
      1,
      2,
      2,
      3,
      0,
      2,
      5,
      993
    ]
  ]
}