{
  "checkpoint": "checkpoints/resnet18_mnist_best.pt",
  "test_loss": 0.02541257643401623,
  "test_accuracy": 0.9918,
  "classification_report": {
    "0": {
      "precision": 0.9938900203665988,
      "recall": 0.9959183673469387,
      "f1-score": 0.9949031600407747,
      "support": 980.0
    },
    "1": {
      "precision": 0.9947322212467077,
      "recall": 0.9982378854625551,
      "f1-score": 0.9964819700967458,
      "support": 1135.0
    },
    "2": {
      "precision": 0.9941860465116279,
      "recall": 0.9941860465116279,
      "f1-score": 0.9941860465116279,
      "support": 1032.0
    },
    "3": {
      "precision": 0.9891732283464567,
      "recall": 0.995049504950495,
      "f1-score": 0.9921026653504442,
      "support": 1010.0
    },
    "4": {
      "precision": 0.9938587512794268,
      "recall": 0.9887983706720977,
      "f1-score": 0.9913221031138336,
      "support": 982.0
    },
    "5": {
      "precision": 0.9865921787709497,
      "recall": 0.9899103139013453,
      "f1-score": 0.9882484611080022,
      "support": 892.0
    },
    "6": {
      "precision": 0.9978813559322034,
      "recall": 0.9832985386221295,
      "f1-score": 0.9905362776025236,
      "support": 958.0
    },
    "7": {
      "precision": 0.9846005774783445,
      "recall": 0.995136186770428,
      "f1-score": 0.9898403483309144,
      "support": 1028.0
    },
    "8": {
      "precision": 0.9979274611398964,
      "recall": 0.9887063655030801,
      "f1-score": 0.9932955131511089,
      "support": 974.0
    },
    "9": {
      "precision": 0.9851632047477745,
      "recall": 0.9871159563924677,
      "f1-score": 0.9861386138613861,
      "support": 1009.0
    },
    "accuracy": 0.9918,
    "macro avg": {
      "precision": 0.9918005045819986,
      "recall": 0.9916357536133166,
      "f1-score": 0.9917055159167362,
      "support": 10000.0
    },
    "weighted avg": {
      "precision": 0.9918258522295839,
      "recall": 0.9918,
      "f1-score": 0.9918005080692553,
      "support": 10000.0
    }
  },
  "confusion_matrix": [
    [
      976,
      0,
      0,
      0,
      0,
      1,
      1,
      1,
      1,
      0
    ],
    [
      0,
      1133,
      1,
      0,
      0,
      0,
      0,
      1,
      0,
      0
    ],
    [
      0,
      0,
      1026,
      0,
      0,
      0,
      0,
      6,
      0,
      0
    ],
    [
      0,
      0,
      0,
      1005,
      0,
      2,
      0,
      3,
      0,
      0
    ],
    [
      0,
      0,
      1,
      0,
      971,
      0,
      0,
      0,
      0,
      10
    ],
    [
      0,
      0,
      0,
      7,
      1,
      883,
      1,
      0,
      0,
      0
    ],
    [
      6,
      4,
      2,
      0,
      1,
      3,
      942,
      0,
      0,
      0
    ],
    [
      0,
      2,
      2,
      0,
      0,
      0,
      0,
      1023,
      1,
      0
    ],
    [
      0,
      0,
      0,
      3,
      1,
      0,
      0,
      2,
      963,
      5
    ],
    [
      0,
      0,
      0,
      1,
      3,
      6,
      0,
      3,
      0,
      996
    ]
  ]
}